{
    "metrics": {
        "http_req_duration{expected_response:true}": {
            "avg": 4594.771968432328,
            "min": 149.6416,
            "med": 3320.2802,
            "max": 27144.8132,
            "p(90)": 9821.527,
            "p(95)": 13405.1605
        },
        "http_req_connecting": {
            "max": 540.6353,
            "p(90)": 0,
            "p(95)": 0,
            "avg": 0.7099762346780912,
            "min": 0,
            "med": 0
        },
        "http_req_sending": {
            "avg": 4.339806818993213,
            "min": 0,
            "med": 0,
            "max": 5470.9481,
            "p(90)": 2.0175,
            "p(95)": 4.342999999999987
        },
        "http_req_failed": {
            "passes": 2,
            "fails": 8401,
            "value": 0.00023801023444008093
        },
        "http_req_tls_handshaking": {
            "max": 928.1879,
            "p(90)": 0,
            "p(95)": 0,
            "avg": 1.3483870998452936,
            "min": 0,
            "med": 0
        },
        "http_req_waiting": {
            "avg": 4273.927710448644,
            "min": 0,
            "med": 2967.0451,
            "max": 27142.7124,
            "p(90)": 9070.9052,
            "p(95)": 12730.145119999996
        },
        "checks": {
            "passes": 8401,
            "fails": 0,
            "value": 1
        },
        "iteration_duration": {
            "max": 54490.447,
            "p(90)": 37980.3819,
            "p(95)": 41779.134325,
            "avg": 19552.822179246137,
            "min": 2404.9161,
            "med": 16528.3444
        },
        "group_duration": {
            "p(95)": 18109.537494999986,
            "avg": 5802.006724114971,
            "min": 149.6416,
            "med": 3993.77405,
            "max": 33681.5221,
            "p(90)": 13348.240870000001
        },
        "data_received": {
            "count": 870321929,
            "rate": 1035430.4563567877
        },
        "iterations": {
            "count": 2096,
            "rate": 2.4936315680537415
        },
        "vus": {
            "value": 1,
            "min": 1,
            "max": 100
        },
        "http_req_duration": {
            "p(95)": 13404.934039999998,
            "avg": 4593.678365678923,
            "min": 0,
            "med": 3318.1131,
            "max": 27144.8132,
            "p(90)": 9816.791320000004
        },
        "http_req_blocked": {
            "avg": 2.130521313816494,
            "min": 0,
            "med": 0,
            "max": 1180.8921,
            "p(90)": 0,
            "p(95)": 0
        },
        "vus_max": {
            "value": 100,
            "min": 100,
            "max": 100
        },
        "data_sent": {
            "count": 6464929,
            "rate": 7691.388854783448
        },
        "http_reqs": {
            "count": 8403,
            "rate": 9.99713075684904
        },
        "http_req_receiving": {
            "p(95)": 1532.9615999999999,
            "avg": 315.41084841128264,
            "min": 0,
            "med": 17.9192,
            "max": 20528.6764,
            "p(90)": 656.2165400000007
        }
    },
    "root_group": {
        "name": "",
        "path": "",
        "id": "d41d8cd98f00b204e9800998ecf8427e",
        "groups": {
            "Login": {
                "name": "Login",
                "path": "::Login",
                "id": "3be6f351497d03a0d837b765965c8d50",
                "groups": {
                    "Open Login Page": {
                        "checks": {
                            "CSRF token found": {
                                "passes": 2103,
                                "fails": 0,
                                "name": "CSRF token found",
                                "path": "::Login::Open Login Page::CSRF token found",
                                "id": "aa64dc8340343319c85b53a82416102a"
                            }
                        },
                        "name": "Open Login Page",
                        "path": "::Login::Open Login Page",
                        "id": "413f384ebf51c900d32d97d380eebf7f",
                        "groups": {}
                    },
                    "Submit Login": {
                        "groups": {},
                        "checks": {
                                "Login Success (Redirect to Dashboard)": {
                                    "name": "Login Success (Redirect to Dashboard)",
                                    "path": "::Login::Submit Login::Login Success (Redirect to Dashboard)",
                                    "id": "70a7c8e26ceadda9499973a382e2c043",
                                    "passes": 2103,
                                    "fails": 0
                                }
                            },
                        "name": "Submit Login",
                        "path": "::Login::Submit Login",
                        "id": "f37a9d549f8c27c067a81b5e22934463"
                    }
                },
                "checks": {}
            },
            "Dashboard": {
                "name": "Dashboard",
                "path": "::Dashboard",
                "id": "63ed997df0952d3513ef756dac138890",
                "groups": {},
                "checks": {
                        "Dashboard - Status 200": {
                            "fails": 0,
                            "name": "Dashboard - Status 200",
                            "path": "::Dashboard::Dashboard - Status 200",
                            "id": "68cdb58f5d2f1f0ddf88988b73e5cc80",
                            "passes": 2101
                        }
                    }
            },
            "Open Export Client Sales": {
                "name": "Open Export Client Sales",
                "path": "::Open Export Client Sales",
                "id": "b4ed3e4e77bcffcad360c39dd2c44335",
                "groups": {},
                "checks": {
                        "Open Export Client Sales - Status 200": {
                            "name": "Open Export Client Sales - Status 200",
                            "path": "::Open Export Client Sales::Open Export Client Sales - Status 200",
                            "id": "141b631545bbeec836c930f4c54a13a1",
                            "passes": 2094,
                            "fails": 0
                        }
                    }
            }
        },
        "checks": {}
    }
}